{"feature_means": [0.0576692633330822, 152.88644409179688, 1.0], "feature_stds": [0.043166883289813995, 72.99674224853516, 1.0]}