{"feature_means": [0.05757952854037285, 217.56053161621094, 1.0], "feature_stds": [0.04512753337621689, 203.99795532226562, 1.0]}